{
  "cube_double_dynamic_oracle": {
    "auc_depth_helped_vs_easy": {},
    "category_counts": {
      "depth_hurt_k1_success_k4_fail": 1,
      "easy_both_success": 35,
      "hard_both_fail": 14
    },
    "category_metric_means": {
      "depth_hurt_k1_success_k4_fail": {
        "action_norm_max_to_goal": 1.2622878768475687,
        "action_norm_mean_to_goal": 0.9828709485522001,
        "goal_observation_dist": 0.0,
        "goal_pos_dist_max": 0.16199108987219876,
        "goal_pos_dist_mean": 0.0809955477300671,
        "goal_qpos_dist": 0.3747238185353643,
        "goal_quat_dist_max": 0.0809623779256964,
        "goal_quat_dist_mean": 0.04048121490740205,
        "latent_mse_improvement_abs": -4.5280903577804565e-06,
        "latent_mse_improvement_rel": -0.0014795069582760334,
        "latent_mse_k1": 0.003060540184378624,
        "latent_mse_k4": 0.0030650682747364044,
        "latent_oracle_depth_2pct": 1.0,
        "residual_max": 1.2056065315846354e-05,
        "residual_mean_k1": 1.2056065315846354e-05,
        "residual_mean_k4": 5.601147150258168e-12,
        "start_block_pairwise_min": 0.0860142097821687
      },
      "easy_both_success": {
        "action_norm_max_to_goal": 1.4848816706998698,
        "action_norm_mean_to_goal": 0.91382293342065,
        "goal_observation_dist": 0.0,
        "goal_pos_dist_max": 0.11168924763360837,
        "goal_pos_dist_mean": 0.05585087546952013,
        "goal_qpos_dist": 1.1257623768776064,
        "goal_quat_dist_max": 0.07461437584336005,
        "goal_quat_dist_mean": 0.037316766662641936,
        "latent_mse_improvement_abs": -2.6578382988061225e-06,
        "latent_mse_improvement_rel": -0.0013050409050525298,
        "latent_mse_k1": 0.003327010781504214,
        "latent_mse_k4": 0.00332966861980302,
        "latent_oracle_depth_2pct": 1.0285714285714285,
        "residual_max": 2.2257219058831523e-05,
        "residual_mean_k1": 2.2257219058831523e-05,
        "residual_mean_k4": 2.2899246568624e-09,
        "start_block_pairwise_min": 0.23338562472537133
      },
      "hard_both_fail": {
        "action_norm_max_to_goal": 1.2148037062455104,
        "action_norm_mean_to_goal": 0.7135530645102877,
        "goal_observation_dist": 0.0,
        "goal_pos_dist_max": 0.1484893418632487,
        "goal_pos_dist_mean": 0.07465103844402357,
        "goal_qpos_dist": 1.1037921583563215,
        "goal_quat_dist_max": 0.0869577780748358,
        "goal_quat_dist_mean": 0.05316765325714961,
        "latent_mse_improvement_abs": 1.4128612487443856e-05,
        "latent_mse_improvement_rel": 0.0036899468603743507,
        "latent_mse_k1": 0.004049030049437923,
        "latent_mse_k4": 0.004034901436950479,
        "latent_oracle_depth_2pct": 1.0714285714285714,
        "residual_max": 2.8757768372348176e-05,
        "residual_mean_k1": 2.8757768372348176e-05,
        "residual_mean_k4": 9.049370477142585e-08,
        "start_block_pairwise_min": 0.24491877382601365
      }
    },
    "num_rows": 50,
    "spec": {
      "h5_path": "/home/robotuser/zijian/lewm_data/datasets/ogbench/visual_cube_double_play.h5",
      "name": "cube_double_dynamic_oracle",
      "num_seeds": 1,
      "policy": "ttjepa_cube_double_dynamic_oracle_k4_10e/weights_epoch_10.pt"
    }
  },
  "cube_single_dynamic_oracle": {
    "auc_depth_helped_vs_easy": {
      "action_norm_max_to_goal": 0.3794642857142857,
      "action_norm_mean_to_goal": 0.4642857142857143,
      "goal_observation_dist": 0.8147321428571428,
      "goal_pos_dist_max": 0.9017857142857143,
      "goal_pos_dist_mean": 0.9017857142857143,
      "goal_qpos_dist": 0.5089285714285714,
      "goal_quat_dist_max": 0.6517857142857143,
      "goal_quat_dist_mean": 0.6517857142857143,
      "latent_mse_improvement_abs": 0.375,
      "latent_mse_improvement_rel": 0.3727678571428571,
      "latent_mse_k1": 0.703125,
      "latent_mse_k4": 0.7098214285714286,
      "latent_oracle_depth_2pct": 0.4375,
      "residual_max": 0.6495535714285714,
      "residual_mean_k1": 0.6495535714285714,
      "residual_mean_k4": 0.71875
    },
    "category_counts": {
      "depth_helped_k1_fail_k4_success": 4,
      "depth_hurt_k1_success_k4_fail": 5,
      "easy_both_success": 112,
      "hard_both_fail": 29
    },
    "category_metric_means": {
      "depth_helped_k1_fail_k4_success": {
        "action_norm_max_to_goal": 1.2943369432460903,
        "action_norm_mean_to_goal": 0.8479551132414334,
        "goal_observation_dist": 3.95636548877211,
        "goal_pos_dist_max": 0.2504772467421206,
        "goal_pos_dist_mean": 0.2504772467421206,
        "goal_qpos_dist": 1.0818976252995203,
        "goal_quat_dist_max": 0.055694329611680055,
        "goal_quat_dist_mean": 0.055694329611680055,
        "latent_mse_improvement_abs": -6.932881660759449e-06,
        "latent_mse_improvement_rel": -0.004004520771559328,
        "latent_mse_k1": 0.0033048628247343004,
        "latent_mse_k4": 0.00331179570639506,
        "latent_oracle_depth_2pct": 1.0,
        "residual_max": 0.00020581372336891945,
        "residual_mean_k1": 0.00020581372336891945,
        "residual_mean_k4": 8.633018439008211e-09,
        "start_block_pairwise_min": null
      },
      "depth_hurt_k1_success_k4_fail": {
        "action_norm_max_to_goal": 1.3088526273662886,
        "action_norm_mean_to_goal": 0.8401487559925149,
        "goal_observation_dist": 3.852701299176818,
        "goal_pos_dist_max": 0.235338402809922,
        "goal_pos_dist_mean": 0.235338402809922,
        "goal_qpos_dist": 1.1774957601302705,
        "goal_quat_dist_max": 0.08847864961336269,
        "goal_quat_dist_mean": 0.08847864961336269,
        "latent_mse_improvement_abs": 5.4330704733729364e-05,
        "latent_mse_improvement_rel": 0.039186215540394184,
        "latent_mse_k1": 0.001928877574391663,
        "latent_mse_k4": 0.0018745468696579337,
        "latent_oracle_depth_2pct": 1.4,
        "residual_max": 0.00027503200253704564,
        "residual_mean_k1": 0.00027503200253704564,
        "residual_mean_k4": 1.0379587854695942e-07,
        "start_block_pairwise_min": null
      },
      "easy_both_success": {
        "action_norm_max_to_goal": 1.3961702899878417,
        "action_norm_mean_to_goal": 0.8573459097416457,
        "goal_observation_dist": 2.99329091506371,
        "goal_pos_dist_max": 0.0884188361290711,
        "goal_pos_dist_mean": 0.0884188361290711,
        "goal_qpos_dist": 0.9739050373120233,
        "goal_quat_dist_max": 0.043223769372899325,
        "goal_quat_dist_mean": 0.043223769372899325,
        "latent_mse_improvement_abs": 1.6057979207419392e-05,
        "latent_mse_improvement_rel": 0.004300661436380844,
        "latent_mse_k1": 0.0027315433991524124,
        "latent_mse_k4": 0.002715485419944993,
        "latent_oracle_depth_2pct": 1.1339285714285714,
        "residual_max": 0.0001561918343700849,
        "residual_mean_k1": 0.0001561918343700849,
        "residual_mean_k4": 5.950750318668703e-08,
        "start_block_pairwise_min": null
      },
      "hard_both_fail": {
        "action_norm_max_to_goal": 1.3515752299528534,
        "action_norm_mean_to_goal": 0.90221310057779,
        "goal_observation_dist": 3.929502751801574,
        "goal_pos_dist_max": 0.21854849279806618,
        "goal_pos_dist_mean": 0.21854849279806618,
        "goal_qpos_dist": 1.2225978442705343,
        "goal_quat_dist_max": 0.10264242910000675,
        "goal_quat_dist_mean": 0.10264242910000675,
        "latent_mse_improvement_abs": 2.172738233388498e-05,
        "latent_mse_improvement_rel": 0.004193839994670647,
        "latent_mse_k1": 0.002493401780596067,
        "latent_mse_k4": 0.002471674398262182,
        "latent_oracle_depth_2pct": 1.206896551724138,
        "residual_max": 0.00023451087305022218,
        "residual_mean_k1": 0.00023451087305022218,
        "residual_mean_k4": 4.211793200662643e-08,
        "start_block_pairwise_min": null
      }
    },
    "num_rows": 150,