{
  "auc_depth_helped_vs_easy": {
    "action_norm_max_to_goal": 0.3794642857142857,
    "action_norm_mean_to_goal": 0.4642857142857143,
    "goal_observation_dist": 0.8147321428571428,
    "goal_pos_dist_max": 0.9017857142857143,
    "goal_pos_dist_mean": 0.9017857142857143,
    "goal_qpos_dist": 0.5089285714285714,
    "goal_quat_dist_max": 0.6517857142857143,
    "goal_quat_dist_mean": 0.6517857142857143,
    "latent_mse_improvement_abs": 0.375,
    "latent_mse_improvement_rel": 0.3727678571428571,
    "latent_mse_k1": 0.703125,
    "latent_mse_k4": 0.7098214285714286,
    "latent_oracle_depth_2pct": 0.4375,
    "residual_max": 0.6495535714285714,
    "residual_mean_k1": 0.6495535714285714,
    "residual_mean_k4": 0.71875
  },
  "category_counts": {
    "depth_helped_k1_fail_k4_success": 4,
    "depth_hurt_k1_success_k4_fail": 5,
    "easy_both_success": 112,
    "hard_both_fail": 29
  },
  "category_metric_means": {
    "depth_helped_k1_fail_k4_success": {
      "action_norm_max_to_goal": 1.2943369432460903,
      "action_norm_mean_to_goal": 0.8479551132414334,
      "goal_observation_dist": 3.95636548877211,
      "goal_pos_dist_max": 0.2504772467421206,
      "goal_pos_dist_mean": 0.2504772467421206,
      "goal_qpos_dist": 1.0818976252995203,
      "goal_quat_dist_max": 0.055694329611680055,
      "goal_quat_dist_mean": 0.055694329611680055,
      "latent_mse_improvement_abs": -6.932881660759449e-06,
      "latent_mse_improvement_rel": -0.004004520771559328,
      "latent_mse_k1": 0.0033048628247343004,
      "latent_mse_k4": 0.00331179570639506,
      "latent_oracle_depth_2pct": 1.0,
      "residual_max": 0.00020581372336891945,
      "residual_mean_k1": 0.00020581372336891945,
      "residual_mean_k4": 8.633018439008211e-09,
      "start_block_pairwise_min": null
    },
    "depth_hurt_k1_success_k4_fail": {
      "action_norm_max_to_goal": 1.3088526273662886,
      "action_norm_mean_to_goal": 0.8401487559925149,
      "goal_observation_dist": 3.852701299176818,
      "goal_pos_dist_max": 0.235338402809922,
      "goal_pos_dist_mean": 0.235338402809922,
      "goal_qpos_dist": 1.1774957601302705,
      "goal_quat_dist_max": 0.08847864961336269,
      "goal_quat_dist_mean": 0.08847864961336269,
      "latent_mse_improvement_abs": 5.4330704733729364e-05,
      "latent_mse_improvement_rel": 0.039186215540394184,
      "latent_mse_k1": 0.001928877574391663,
      "latent_mse_k4": 0.0018745468696579337,
      "latent_oracle_depth_2pct": 1.4,
      "residual_max": 0.00027503200253704564,
      "residual_mean_k1": 0.00027503200253704564,
      "residual_mean_k4": 1.0379587854695942e-07,
      "start_block_pairwise_min": null
    },
    "easy_both_success": {
      "action_norm_max_to_goal": 1.3961702899878417,
      "action_norm_mean_to_goal": 0.8573459097416457,
      "goal_observation_dist": 2.99329091506371,
      "goal_pos_dist_max": 0.0884188361290711,
      "goal_pos_dist_mean": 0.0884188361290711,
      "goal_qpos_dist": 0.9739050373120233,
      "goal_quat_dist_max": 0.043223769372899325,
      "goal_quat_dist_mean": 0.043223769372899325,
      "latent_mse_improvement_abs": 1.6057979207419392e-05,
      "latent_mse_improvement_rel": 0.004300661436380844,
      "latent_mse_k1": 0.0027315433991524124,
      "latent_mse_k4": 0.002715485419944993,
      "latent_oracle_depth_2pct": 1.1339285714285714,
      "residual_max": 0.0001561918343700849,
      "residual_mean_k1": 0.0001561918343700849,
      "residual_mean_k4": 5.950750318668703e-08,
      "start_block_pairwise_min": null
    },
    "hard_both_fail": {
      "action_norm_max_to_goal": 1.3515752299528534,
      "action_norm_mean_to_goal": 0.90221310057779,
      "goal_observation_dist": 3.929502751801574,
      "goal_pos_dist_max": 0.21854849279806618,
      "goal_pos_dist_mean": 0.21854849279806618,
      "goal_qpos_dist": 1.2225978442705343,
      "goal_quat_dist_max": 0.10264242910000675,
      "goal_quat_dist_mean": 0.10264242910000675,
      "latent_mse_improvement_abs": 2.172738233388498e-05,
      "latent_mse_improvement_rel": 0.004193839994670647,
      "latent_mse_k1": 0.002493401780596067,
      "latent_mse_k4": 0.002471674398262182,
      "latent_oracle_depth_2pct": 1.206896551724138,
      "residual_max": 0.00023451087305022218,
      "residual_mean_k1": 0.00023451087305022218,
      "residual_mean_k4": 4.211793200662643e-08,
      "start_block_pairwise_min": null
    }
  },
  "num_rows": 150,
  "spec": {
    "h5_path": "/home/robotuser/zijian/lewm_data/datasets/ogbench/cube_single_expert.h5",
    "name": "cube_single_dynamic_oracle",
    "num_seeds": 3,
    "policy": "ttjepa_cube_dynamic_oracle_k4_10e/weights_epoch_10.pt"
  }
}