{
  "auc_depth_helped_vs_easy": {
    "action_norm_max_to_goal": 0.3333333333333333,
    "action_norm_mean_to_goal": 0.3939393939393939,
    "goal_observation_dist": 0.5,
    "goal_pos_dist_max": 0.696969696969697,
    "goal_pos_dist_mean": 0.696969696969697,
    "goal_qpos_dist": 0.3636363636363636,
    "goal_quat_dist_max": 0.7525252525252525,
    "goal_quat_dist_mean": 0.7575757575757576,
    "latent_mse_improvement_abs": 0.46464646464646464,
    "latent_mse_improvement_rel": 0.48989898989898983,
    "latent_mse_k1": 0.5252525252525253,
    "latent_mse_k4": 0.5404040404040404,
    "latent_oracle_depth_2pct": 0.48484848484848486,
    "residual_max": 0.3232323232323232,
    "residual_mean_k1": 0.3232323232323232,
    "residual_mean_k4": 0.6262626262626263,
    "start_block_pairwise_min": 0.40404040404040403
  },
  "category_counts": {
    "depth_helped_k1_fail_k4_success": 6,
    "depth_hurt_k1_success_k4_fail": 2,
    "easy_both_success": 33,
    "hard_both_fail": 9
  },
  "category_metric_means": {
    "depth_helped_k1_fail_k4_success": {
      "action_norm_max_to_goal": 1.3801189492242723,
      "action_norm_mean_to_goal": 0.854550108352559,
      "goal_observation_dist": 0.0,
      "goal_pos_dist_max": 0.17908507365840698,
      "goal_pos_dist_mean": 0.059982924744304056,
      "goal_qpos_dist": 1.1077837640969428,
      "goal_quat_dist_max": 0.12192389208721326,
      "goal_quat_dist_mean": 0.04867671099781493,
      "latent_mse_improvement_abs": 1.1562757814923923e-06,
      "latent_mse_improvement_rel": 0.0009511158180733522,
      "latent_mse_k1": 0.0018005139427259564,
      "latent_mse_k4": 0.001799357666944464,
      "latent_oracle_depth_2pct": 1.0,
      "residual_max": 1.3004654931592086e-05,
      "residual_mean_k1": 1.3004654931592086e-05,
      "residual_mean_k4": 9.540013417551803e-10,
      "start_block_pairwise_min": 0.10891916184979393
    },
    "depth_hurt_k1_success_k4_fail": {
      "action_norm_max_to_goal": 1.5467738569690836,
      "action_norm_mean_to_goal": 1.0473543753942587,
      "goal_observation_dist": 0.0,
      "goal_pos_dist_max": 0.31360376629910214,
      "goal_pos_dist_mean": 0.10453458876636737,
      "goal_qpos_dist": 1.3078069984449303,
      "goal_quat_dist_max": 0.08721824901778959,
      "goal_quat_dist_mean": 0.029072749672596543,
      "latent_mse_improvement_abs": -8.11571953818202e-06,
      "latent_mse_improvement_rel": -0.006454244488850236,
      "latent_mse_k1": 0.0012149351532571018,
      "latent_mse_k4": 0.0012230508727952838,
      "latent_oracle_depth_2pct": 1.0,
      "residual_max": 1.583338212185481e-05,
      "residual_mean_k1": 1.583338212185481e-05,
      "residual_mean_k4": 4.781461522291447e-12,
      "start_block_pairwise_min": 0.20563132404142476
    },
    "easy_both_success": {
      "action_norm_max_to_goal": 1.5330449729189608,
      "action_norm_mean_to_goal": 0.940695518270144,
      "goal_observation_dist": 0.0,
      "goal_pos_dist_max": 0.10969654383525358,
      "goal_pos_dist_mean": 0.03661603467328107,
      "goal_qpos_dist": 1.1770972420432408,
      "goal_quat_dist_max": 0.08032006450587381,
      "goal_quat_dist_mean": 0.027653795115022802,
      "latent_mse_improvement_abs": 2.7270430247440483e-06,
      "latent_mse_improvement_rel": 0.001726494320654169,
      "latent_mse_k1": 0.0020237051102219884,
      "latent_mse_k4": 0.0020209780671972444,
      "latent_oracle_depth_2pct": 1.0303030303030303,
      "residual_max": 2.338442377411852e-05,
      "residual_mean_k1": 2.338442377411852e-05,
      "residual_mean_k4": 1.1583369747278954e-10,
      "start_block_pairwise_min": 0.13498805207919035
    },
    "hard_both_fail": {
      "action_norm_max_to_goal": 1.3097410387620867,
      "action_norm_mean_to_goal": 0.8048128993720857,
      "goal_observation_dist": 0.0,
      "goal_pos_dist_max": 0.20687554037640365,
      "goal_pos_dist_mean": 0.06896935362624579,
      "goal_qpos_dist": 1.127051861445395,
      "goal_quat_dist_max": 0.07009451038670927,
      "goal_quat_dist_mean": 0.023466982930874056,
      "latent_mse_improvement_abs": -1.5202418176664246e-06,
      "latent_mse_improvement_rel": -0.0006934772957012885,
      "latent_mse_k1": 0.0016010537510737777,
      "latent_mse_k4": 0.0016025739928914441,
      "latent_oracle_depth_2pct": 1.0,
      "residual_max": 1.0073598585020389e-05,
      "residual_mean_k1": 1.0073598585020389e-05,
      "residual_mean_k4": 7.790407560584814e-12,
      "start_block_pairwise_min": 0.07123981453891569
    }
  },
  "num_rows": 50,
  "spec": {
    "h5_path": "/home/robotuser/zijian/lewm_data/datasets/ogbench/visual_cube_triple_play.h5",
    "name": "cube_triple_dynamic_oracle",
    "num_seeds": 1,
    "policy": "ttjepa_cube_triple_dynamic_oracle_k4_10e/weights_epoch_10.pt"
  }
}