{
  "auc_depth_helped_vs_easy": {
    "action_norm_max_to_goal": 0.8048780487804879,
    "action_norm_mean_to_goal": 0.8048780487804877,
    "goal_observation_dist": 0.20731707317073172,
    "goal_qpos_dist": 0.951219512195122,
    "latent_mse_improvement_abs": 0.7926829268292682,
    "latent_mse_improvement_rel": 0.7804878048780488,
    "latent_mse_k1": 0.5975609756097561,
    "latent_mse_k4": 0.5975609756097561,
    "latent_oracle_depth_2pct": 0.5,
    "residual_max": 0.7804878048780487,
    "residual_mean_k1": 0.7804878048780487,
    "residual_mean_k4": 0.5
  },
  "category_counts": {
    "depth_helped_k1_fail_k4_success": 2,
    "depth_hurt_k1_success_k4_fail": 3,
    "easy_both_success": 41,
    "hard_both_fail": 4
  },
  "category_metric_means": {
    "depth_helped_k1_fail_k4_success": {
      "action_norm_max_to_goal": 1.3169527771767902,
      "action_norm_mean_to_goal": 0.8229673936765776,
      "goal_observation_dist": 2.435238140266584,
      "goal_pos_dist_max": null,
      "goal_pos_dist_mean": null,
      "goal_qpos_dist": 1.3802712192267146,
      "goal_quat_dist_max": null,
      "goal_quat_dist_mean": null,
      "latent_mse_improvement_abs": 2.0256265997886658e-06,
      "latent_mse_improvement_rel": 0.00015745554173918208,
      "latent_mse_k1": 0.017383730970323086,
      "latent_mse_k4": 0.017381705343723297,
      "latent_oracle_depth_2pct": 1.0,
      "residual_max": 0.09603637084364891,
      "residual_mean_k1": 0.09603637084364891,
      "residual_mean_k4": 0.0,
      "start_block_pairwise_min": null
    },
    "depth_hurt_k1_success_k4_fail": {
      "action_norm_max_to_goal": 1.31145715804677,
      "action_norm_mean_to_goal": 0.7776625048383753,
      "goal_observation_dist": 6.214142978763188,
      "goal_pos_dist_max": null,
      "goal_pos_dist_mean": null,
      "goal_qpos_dist": 0.9295720678962575,
      "goal_quat_dist_max": null,
      "goal_quat_dist_mean": null,
      "latent_mse_improvement_abs": 1.0163833697636921e-06,
      "latent_mse_improvement_rel": 1.8476600340970133e-05,
      "latent_mse_k1": 0.033282783503333725,
      "latent_mse_k4": 0.033281767119963966,
      "latent_oracle_depth_2pct": 1.0,
      "residual_max": 0.04930619647105535,
      "residual_mean_k1": 0.04930619647105535,
      "residual_mean_k4": 0.0,
      "start_block_pairwise_min": null
    },
    "easy_both_success": {
      "action_norm_max_to_goal": 1.2426428718992346,
      "action_norm_mean_to_goal": 0.7650947045598683,
      "goal_observation_dist": 3.976304649272542,
      "goal_pos_dist_max": null,
      "goal_pos_dist_mean": null,
      "goal_qpos_dist": 0.6486164081097717,
      "goal_quat_dist_max": null,
      "goal_quat_dist_mean": null,
      "latent_mse_improvement_abs": -5.086497744409049e-07,
      "latent_mse_improvement_rel": -2.259644651719388e-05,
      "latent_mse_k1": 0.022496871724043313,
      "latent_mse_k4": 0.022497380373817755,
      "latent_oracle_depth_2pct": 1.0,
      "residual_max": 0.06657089015877829,
      "residual_mean_k1": 0.06657089015877829,
      "residual_mean_k4": 0.0,
      "start_block_pairwise_min": null
    },
    "hard_both_fail": {
      "action_norm_max_to_goal": 1.3290163186813735,
      "action_norm_mean_to_goal": 0.7954257290151485,
      "goal_observation_dist": 3.467559410382525,
      "goal_pos_dist_max": null,
      "goal_pos_dist_mean": null,
      "goal_qpos_dist": 1.3392110732229263,
      "goal_quat_dist_max": null,
      "goal_quat_dist_mean": null,
      "latent_mse_improvement_abs": -5.9730373322963715e-06,
      "latent_mse_improvement_rel": -0.0006774476096325088,
      "latent_mse_k1": 0.027008994366042316,
      "latent_mse_k4": 0.027014967403374612,
      "latent_oracle_depth_2pct": 1.0,
      "residual_max": 0.08865272859111428,
      "residual_mean_k1": 0.08865272859111428,
      "residual_mean_k4": 0.0,
      "start_block_pairwise_min": null
    }
  },
  "num_rows": 50,
  "spec": {
    "h5_path": "/home/robotuser/zijian/lewm_data/reacher.h5",
    "name": "reacher_dynamic_oracle",
    "num_seeds": 1,
    "policy": "ttjepa_reacher_dynamic_oracle_k4_10e/weights_epoch_10.pt"
  }
}