{
  "cube_double_rel00005_current": {
    "auc_depth_helped_vs_easy": {},
    "category_counts": {
      "depth_hurt_k1_success_k4_fail": 1,
      "easy_both_success": 34,
      "hard_both_fail": 15
    },
    "category_metric_means": {
      "depth_hurt_k1_success_k4_fail": {
        "action_norm_max_to_goal": 1.3473347290147248,
        "action_norm_mean_to_goal": 1.0138980956921373,
        "goal_observation_dist": 0.0,
        "goal_pos_dist_max": 0.32623789645137824,
        "goal_pos_dist_mean": 0.16329290685432177,
        "goal_qpos_dist": 1.123147443799527,
        "goal_quat_dist_max": 0.002853926847250399,
        "goal_quat_dist_mean": 0.0016665408936573979,
        "latent_mse_improvement_abs": -5.075708031654358e-08,
        "latent_mse_improvement_rel": -1.2377286111586727e-05,
        "latent_mse_k1": 0.00410082470625639,
        "latent_mse_k4": 0.004100875463336706,
        "latent_oracle_depth_2pct": 1.0,
        "residual_max": 2.627977210067911e-06,
        "residual_mean_k1": 2.627977210067911e-06,
        "residual_mean_k4": 0.0,
        "start_block_pairwise_min": 0.0403033146333665
      },
      "easy_both_success": {
        "action_norm_max_to_goal": 1.441143327349612,
        "action_norm_mean_to_goal": 0.8935785028752895,
        "goal_observation_dist": 0.0,
        "goal_pos_dist_max": 0.11687967304315293,
        "goal_pos_dist_mean": 0.05858399938885479,
        "goal_qpos_dist": 1.0923731621890038,
        "goal_quat_dist_max": 0.0925812338551457,
        "goal_quat_dist_mean": 0.04967874734292503,
        "latent_mse_improvement_abs": 3.911212415379637e-08,
        "latent_mse_improvement_rel": -2.2768918611023656e-05,
        "latent_mse_k1": 0.0029944659532595646,
        "latent_mse_k4": 0.0029944268411354106,
        "latent_oracle_depth_2pct": 1.0,
        "residual_max": 1.988698620473716e-06,
        "residual_mean_k1": 1.975352272237989e-06,
        "residual_mean_k4": 1.7963047108561859e-09,
        "start_block_pairwise_min": 0.2510403837887621
      },
      "hard_both_fail": {
        "action_norm_max_to_goal": 1.3262793586585746,
        "action_norm_mean_to_goal": 0.7707232885311333,
        "goal_observation_dist": 0.0,
        "goal_pos_dist_max": 0.12332125088102634,
        "goal_pos_dist_mean": 0.06171612275361446,
        "goal_qpos_dist": 1.1310441512009624,
        "goal_quat_dist_max": 0.050617236504586334,
        "goal_quat_dist_mean": 0.026678082876457072,
        "latent_mse_improvement_abs": -3.119930624961853e-08,
        "latent_mse_improvement_rel": 0.00018856963542930317,
        "latent_mse_k1": 0.004663764809568723,
        "latent_mse_k4": 0.004663796008874972,
        "latent_oracle_depth_2pct": 1.0,
        "residual_max": 1.9027655582704028e-06,
        "residual_mean_k1": 1.9027655582704028e-06,
        "residual_mean_k4": 1.6304256480990362e-09,
        "start_block_pairwise_min": 0.20717983635220538
      }
    },
    "num_rows": 50,
    "spec": {
      "h5_path": "/vepfs/zijian/lewm_data/datasets/ogbench/visual_cube_double_play.h5",
      "name": "cube_double_rel00005_current",
      "num_seeds": 1,
      "policy": "ttjepa_cube_double_joint_marginal_rel00005_k4_10e/weights_epoch_10.pt"
    }
  },
  "cube_single_rel00005_current": {
    "auc_depth_helped_vs_easy": {},
    "category_counts": {
      "depth_hurt_k1_success_k4_fail": 1,
      "easy_both_success": 41,
      "hard_both_fail": 8
    },
    "category_metric_means": {
      "depth_hurt_k1_success_k4_fail": {
        "action_norm_max_to_goal": 1.6497301277008756,
        "action_norm_mean_to_goal": 1.3431844174739682,
        "goal_observation_dist": 5.47765712816812,
        "goal_pos_dist_max": 0.3721868093010369,
        "goal_pos_dist_mean": 0.3721868093010369,
        "goal_qpos_dist": 1.0249505492434496,
        "goal_quat_dist_max": 0.08451395614938184,
        "goal_quat_dist_mean": 0.08451395614938184,
        "latent_mse_improvement_abs": 1.681898720562458e-05,
        "latent_mse_improvement_rel": 0.004558898508548737,
        "latent_mse_k1": 0.003689265577122569,
        "latent_mse_k4": 0.0036724465899169445,
        "latent_oracle_depth_2pct": 1.0,
        "residual_max": 0.00015144734061323106,
        "residual_mean_k1": 0.00015144734061323106,
        "residual_mean_k4": 8.006094276424847e-08,
        "start_block_pairwise_min": null
      },
      "easy_both_success": {
        "action_norm_max_to_goal": 1.365510709289551,
        "action_norm_mean_to_goal": 0.8411513016200952,
        "goal_observation_dist": 3.19752387346334,
        "goal_pos_dist_max": 0.11601706368854058,
        "goal_pos_dist_mean": 0.11601706368854058,
        "goal_qpos_dist": 1.0053748555372313,
        "goal_quat_dist_max": 0.04510413075296051,
        "goal_quat_dist_mean": 0.04510413075296051,
        "latent_mse_improvement_abs": 1.9108950410310813e-06,
        "latent_mse_improvement_rel": 0.0009239755717186843,
        "latent_mse_k1": 0.0023669369927630194,
        "latent_mse_k4": 0.002365026097721988,
        "latent_oracle_depth_2pct": 1.024390243902439,
        "residual_max": 1.3022379150634398e-05,
        "residual_mean_k1": 1.3022379150634398e-05,
        "residual_mean_k4": 2.4855838214915965e-07,
        "start_block_pairwise_min": null
      },
      "hard_both_fail": {
        "action_norm_max_to_goal": 1.2981197813088365,
        "action_norm_mean_to_goal": 0.8857472112937178,
        "goal_observation_dist": 3.0230126753984603,
        "goal_pos_dist_max": 0.15058039319328004,
        "goal_pos_dist_mean": 0.15058039319328004,
        "goal_qpos_dist": 1.0876604641993646,
        "goal_quat_dist_max": 0.10769544633550096,
        "goal_quat_dist_mean": 0.10769544633550096,
        "latent_mse_improvement_abs": 1.9873841665685177e-06,
        "latent_mse_improvement_rel": 0.0007317402592725841,
        "latent_mse_k1": 0.0021908578200964257,
        "latent_mse_k4": 0.002188870435929857,
        "latent_oracle_depth_2pct": 1.0,
        "residual_max": 2.2249858529943545e-05,
        "residual_mean_k1": 2.2249858529943545e-05,
        "residual_mean_k4": 4.513836814089636e-13,
        "start_block_pairwise_min": null
      }
    },
    "num_rows": 50,
    "spec": {
      "h5_path": "/vepfs/zijian/lewm_data/cube_single_expert.h5",
      "name": "cube_single_rel00005_current",
      "num_seeds": 1,
      "policy": "ttjepa_cube_joint_marginal_rel00005_k4_10e/weights_epoch_10.pt"
    }
  },
  "cube_triple_rel00005_current": {
    "auc_depth_helped_vs_easy": {
      "action_norm_max_to_goal": 0.6111111111111112,
      "action_norm_mean_to_goal": 0.8611111111111112,
      "goal_observation_dist": 0.5,
      "goal_pos_dist_max": 0.75,
      "goal_pos_dist_mean": 0.75,
      "goal_qpos_dist": 0.3055555555555556,
      "goal_quat_dist_max": 0.75,
      "goal_quat_dist_mean": 0.6944444444444444,
      "latent_mse_improvement_abs": 0.11111111111111116,
      "latent_mse_improvement_rel": 0.11111111111111116,
      "latent_mse_k1": 0.13888888888888884,
      "latent_mse_k4": 0.13888888888888884,
      "latent_oracle_depth_2pct": 0.4861111111111111,
      "residual_max": 0.6666666666666667,
      "residual_mean_k1": 0.6944444444444444,
      "residual_mean_k4": 0.3472222222222222,
      "start_block_pairwise_min": 0.75
    },
    "category_counts": {
      "depth_helped_k1_fail_k4_success": 1,
      "depth_hurt_k1_success_k4_fail": 1,
      "easy_both_success": 36,
      "hard_both_fail": 12
    },
    "category_metric_means": {
      "depth_helped_k1_fail_k4_success": {
        "action_norm_max_to_goal": 1.5632824169131112,
        "action_norm_mean_to_goal": 1.128178094979318,
        "goal_observation_dist": 0.0,
        "goal_pos_dist_max": 0.2240419289298528,
        "goal_pos_dist_mean": 0.0746806429766176,
        "goal_qpos_dist": 1.0455089149858898,
        "goal_quat_dist_max": 0.09431339640122983,
        "goal_quat_dist_mean": 0.031437798800409957,