{
  "auc_depth_helped_vs_easy": {
    "action_norm_max_to_goal": 0.6111111111111112,
    "action_norm_mean_to_goal": 0.8611111111111112,
    "goal_observation_dist": 0.5,
    "goal_pos_dist_max": 0.75,
    "goal_pos_dist_mean": 0.75,
    "goal_qpos_dist": 0.3055555555555556,
    "goal_quat_dist_max": 0.75,
    "goal_quat_dist_mean": 0.6944444444444444,
    "latent_mse_improvement_abs": 0.11111111111111116,
    "latent_mse_improvement_rel": 0.11111111111111116,
    "latent_mse_k1": 0.13888888888888884,
    "latent_mse_k4": 0.13888888888888884,
    "latent_oracle_depth_2pct": 0.4861111111111111,
    "residual_max": 0.6666666666666667,
    "residual_mean_k1": 0.6944444444444444,
    "residual_mean_k4": 0.3472222222222222,
    "start_block_pairwise_min": 0.75
  },
  "category_counts": {
    "depth_helped_k1_fail_k4_success": 1,
    "depth_hurt_k1_success_k4_fail": 1,
    "easy_both_success": 36,
    "hard_both_fail": 12
  },
  "category_metric_means": {
    "depth_helped_k1_fail_k4_success": {
      "action_norm_max_to_goal": 1.5632824169131112,
      "action_norm_mean_to_goal": 1.128178094979318,
      "goal_observation_dist": 0.0,
      "goal_pos_dist_max": 0.2240419289298528,
      "goal_pos_dist_mean": 0.0746806429766176,
      "goal_qpos_dist": 1.0455089149858898,
      "goal_quat_dist_max": 0.09431339640122983,
      "goal_quat_dist_mean": 0.031437798800409957,
      "latent_mse_improvement_abs": -2.1351734176278114e-06,
      "latent_mse_improvement_rel": -0.001632990431971848,
      "latent_mse_k1": 0.001307523576542735,
      "latent_mse_k4": 0.001309658749960363,
      "latent_oracle_depth_2pct": 1.0,
      "residual_max": 1.9244855309352715e-07,
      "residual_mean_k1": 4.8304279687272356e-08,
      "residual_mean_k4": 0.0,
      "start_block_pairwise_min": 0.1695547611349449
    },
    "depth_hurt_k1_success_k4_fail": {
      "action_norm_max_to_goal": 1.7237062420166802,
      "action_norm_mean_to_goal": 1.0391549880109783,
      "goal_observation_dist": 0.0,
      "goal_pos_dist_max": 0.2722067652959307,
      "goal_pos_dist_mean": 0.09073558843197689,
      "goal_qpos_dist": 1.343134699917097,
      "goal_quat_dist_max": 0.29750481892556246,
      "goal_quat_dist_mean": 0.09916827297518749,
      "latent_mse_improvement_abs": -2.498738467693329e-06,
      "latent_mse_improvement_rel": -0.0005660367314703763,
      "latent_mse_k1": 0.004414445720613003,
      "latent_mse_k4": 0.004416944459080696,
      "latent_oracle_depth_2pct": 1.0,
      "residual_max": 5.703220722352853e-07,
      "residual_mean_k1": 3.2180423659156077e-07,
      "residual_mean_k4": 8.737354839638556e-09,
      "start_block_pairwise_min": 0.264955978056356
    },
    "easy_both_success": {
      "action_norm_max_to_goal": 1.4754718320485685,
      "action_norm_mean_to_goal": 0.8878996135211437,
      "goal_observation_dist": 0.0,
      "goal_pos_dist_max": 0.11230548104450017,
      "goal_pos_dist_mean": 0.037483944617521255,
      "goal_qpos_dist": 1.1279427999351028,
      "goal_quat_dist_max": 0.0694248501678588,
      "goal_quat_dist_mean": 0.02395444140458581,
      "latent_mse_improvement_abs": 1.1119377126710283e-06,
      "latent_mse_improvement_rel": 0.0006618056370890141,
      "latent_mse_k1": 0.0022307939329443294,
      "latent_mse_k4": 0.0022296819952316582,
      "latent_oracle_depth_2pct": 1.0277777777777777,
      "residual_max": 2.0989603323290537e-07,
      "residual_mean_k1": 7.286510467807264e-08,
      "residual_mean_k4": 2.0379068543558306e-08,
      "start_block_pairwise_min": 0.12225834929589302
    },
    "hard_both_fail": {
      "action_norm_max_to_goal": 1.4457033543158355,
      "action_norm_mean_to_goal": 0.9480465357013271,
      "goal_observation_dist": 0.0,
      "goal_pos_dist_max": 0.22036148105598818,
      "goal_pos_dist_mean": 0.07359848460114056,
      "goal_qpos_dist": 1.2712839924450277,
      "goal_quat_dist_max": 0.10802331261361404,
      "goal_quat_dist_mean": 0.04008482401375126,
      "latent_mse_improvement_abs": -2.3705651983618736e-06,
      "latent_mse_improvement_rel": -0.0012253959116576378,
      "latent_mse_k1": 0.0021129333278319487,
      "latent_mse_k4": 0.0021153038930303105,
      "latent_oracle_depth_2pct": 1.0,
      "residual_max": 1.4094858370895268e-07,
      "residual_mean_k1": 4.392815054007833e-08,
      "residual_mean_k4": 2.14855489418427e-09,
      "start_block_pairwise_min": 0.11039419623347385
    }
  },
  "num_rows": 50,
  "spec": {
    "h5_path": "/vepfs/zijian/lewm_data/datasets/ogbench/visual_cube_triple_play.h5",
    "name": "cube_triple_rel00005_current",
    "num_seeds": 1,
    "policy": "ttjepa_cube_triple_joint_marginal_rel00005_k4_10e/weights_epoch_10.pt"
  }
}