{
  "auc_depth_helped_vs_easy": {
    "action_norm_max_to_goal": 0.8859649122807017,
    "action_norm_mean_to_goal": 0.4649122807017544,
    "goal_observation_dist": 0.4298245614035088,
    "goal_qpos_dist": 0.6140350877192983,
    "latent_mse_improvement_abs": 0.2894736842105263,
    "latent_mse_improvement_rel": 0.25438596491228066,
    "latent_mse_k1": 0.4912280701754386,
    "latent_mse_k4": 0.4912280701754386,
    "latent_oracle_depth_2pct": 0.5,
    "residual_max": 0.7456140350877194,
    "residual_mean_k1": 0.7456140350877194,
    "residual_mean_k4": 0.4473684210526315
  },
  "category_counts": {
    "depth_helped_k1_fail_k4_success": 3,
    "depth_hurt_k1_success_k4_fail": 2,
    "easy_both_success": 38,
    "hard_both_fail": 7
  },
  "category_metric_means": {
    "depth_helped_k1_fail_k4_success": {
      "action_norm_max_to_goal": 1.360667633593441,
      "action_norm_mean_to_goal": 0.7655493889044657,
      "goal_observation_dist": 3.137599781943224,
      "goal_pos_dist_max": null,
      "goal_pos_dist_mean": null,
      "goal_qpos_dist": 0.8769738938880226,
      "goal_quat_dist_max": null,
      "goal_quat_dist_mean": null,
      "latent_mse_improvement_abs": -5.089212208986282e-06,
      "latent_mse_improvement_rel": -0.0009527019459104243,
      "latent_mse_k1": 0.03686041167626778,
      "latent_mse_k4": 0.03686550088847677,
      "latent_oracle_depth_2pct": 1.0,
      "residual_max": 0.07095455316205819,
      "residual_mean_k1": 0.07095455316205819,
      "residual_mean_k4": 8.716690699317811e-15,
      "start_block_pairwise_min": null
    },
    "depth_hurt_k1_success_k4_fail": {
      "action_norm_max_to_goal": 1.2208297990519545,
      "action_norm_mean_to_goal": 0.7298389301298402,
      "goal_observation_dist": 6.068553094830454,
      "goal_pos_dist_max": null,
      "goal_pos_dist_mean": null,
      "goal_qpos_dist": 0.8740560563373669,
      "goal_quat_dist_max": null,
      "goal_quat_dist_mean": null,
      "latent_mse_improvement_abs": 4.774518311023712e-05,
      "latent_mse_improvement_rel": 0.002558848429544014,
      "latent_mse_k1": 0.020776864141225815,
      "latent_mse_k4": 0.020729118958115578,
      "latent_oracle_depth_2pct": 1.0,
      "residual_max": 0.030005624517798424,
      "residual_mean_k1": 0.030005624517798424,
      "residual_mean_k4": 1.9301152593631097e-13,
      "start_block_pairwise_min": null
    },
    "easy_both_success": {
      "action_norm_max_to_goal": 1.253818428053883,
      "action_norm_mean_to_goal": 0.7710601776354454,
      "goal_observation_dist": 3.8974225484979654,
      "goal_pos_dist_max": null,
      "goal_pos_dist_mean": null,
      "goal_qpos_dist": 0.6883721517485596,
      "goal_quat_dist_max": null,
      "goal_quat_dist_mean": null,
      "latent_mse_improvement_abs": 9.093213042146281e-06,
      "latent_mse_improvement_rel": 0.00077100137595434,
      "latent_mse_k1": 0.020399670116603374,
      "latent_mse_k4": 0.02039057690356123,
      "latent_oracle_depth_2pct": 1.0,
      "residual_max": 0.039076327640367184,
      "residual_mean_k1": 0.039076327640367184,
      "residual_mean_k4": 1.2540218125416973e-13,
      "start_block_pairwise_min": null
    },
    "hard_both_fail": {
      "action_norm_max_to_goal": 1.2377053265937457,
      "action_norm_mean_to_goal": 0.7818421896804949,
      "goal_observation_dist": 4.394238728587686,
      "goal_pos_dist_max": null,
      "goal_pos_dist_mean": null,
      "goal_qpos_dist": 0.9946000152500682,
      "goal_quat_dist_max": null,
      "goal_quat_dist_mean": null,
      "latent_mse_improvement_abs": 4.820525646209717e-06,
      "latent_mse_improvement_rel": 0.00022034394316148922,
      "latent_mse_k1": 0.035628220066428185,
      "latent_mse_k4": 0.035623399540781975,
      "latent_oracle_depth_2pct": 1.0,
      "residual_max": 0.033237895529185026,
      "residual_mean_k1": 0.033237895529185026,
      "residual_mean_k4": 8.8458480710365e-19,
      "start_block_pairwise_min": null
    }
  },
  "num_rows": 50,
  "spec": {
    "h5_path": "/vepfs/zijian/lewm_data/reacher.h5",
    "name": "reacher_rel00005_current",
    "num_seeds": 1,
    "policy": "ttjepa_reacher_joint_marginal_rel00005_k4_10e/weights_epoch_10.pt"
  }
}